SysConst,AvgTime,Oxygen,Chamber,,,,,,,,,,,,,,,,,,,,,,,,,,,,,,,,,,,,,,,,,,,,,,,,,,,,,,,,,,,,,,,,,,,,,,,,,,,,,,,,,,,,,,,,,,,,,,,,,
,4,21,6800-19,,,,,,,,,,,,,,,,,,,,,,,,,,,,,,,,,,,,,,,,,,,,,,,,,,,,,,,,,,,,,,,,,,,,,,,,,,,,,,,,,,,,,,,,,,,,,,,,,
LTConst,deltaTw,fT1,fT2,fTeb,,,,,,,,,,,,,,,,,,,,,,,,,,,,,,,,,,,,,,,,,,,,,,,,,,,,,,,,,,,,,,,,,,,,,,,,,,,,,,,,,,,,,,,,,,,,,,,,
,0,0,0,1,,,,,,,,,,,,,,,,,,,,,,,,,,,,,,,,,,,,,,,,,,,,,,,,,,,,,,,,,,,,,,,,,,,,,,,,,,,,,,,,,,,,,,,,,,,,,,,,
LQConst,Leaf,Ambient,abs_ambient,abs_redLED,abs_greenLED,abs_blueLED,abs_whiteLED,abs_redFlr,abs_blueFlr,k_ambient,k_redLED,k_greenLED,k_blueLED,k_whiteLED,k_redFlr,k_blueFlr,,,,,,,,,,,,,,,,,,,,,,,,,,,,,,,,,,,,,,,,,,,,,,,,,,,,,,,,,,,,,,,,,,,,,,,,,,,,,,,,,,,,
,standard,Sun+Sky,0.49,0.84,0.7,0.87,0.75,0.84,0.87,0.39,0.18,0.23,0.26,0.21,0.19,0.25,,,,,,,,,,,,,,,,,,,,,,,,,,,,,,,,,,,,,,,,,,,,,,,,,,,,,,,,,,,,,,,,,,,,,,,,,,,,,,,,,,,,
QConst,fQ_Amb_in,fQ_Amb_out,fQ_HeadLS,fQ_ConsoleLS,fQ_Flr,,,,,,,,,,,,,,,,,,,,,,,,,,,,,,,,,,,,,,,,,,,,,,,,,,,,,,,,,,,,,,,,,,,,,,,,,,,,,,,,,,,,,,,,,,,,,,,
,0,1,0,0,0,,,,,,,,,,,,,,,,,,,,,,,,,,,,,,,,,,,,,,,,,,,,,,,,,,,,,,,,,,,,,,,,,,,,,,,,,,,,,,,,,,,,,,,,,,,,,,,
LeakConst,fan_a,fan_b,fan_c,fan_d,Fs_meas,Fs_true,leak_wt,,,,,,,,,,,,,,,,,,,,,,,,,,,,,,,,,,,,,,,,,,,,,,,,,,,,,,,,,,,,,,,,,,,,,,,,,,,,,,,,,,,,,,,,,,,,,
,-6276,6.6,0.00001709,3.11,3.96875 92.8394 390.321 633.001 869.03 1081.21 1254.28 1403.85,0.0569323 100.2 402.115 601.009 800.807 1001.23 1200.73 1401.15,0,,,,,,,,,,,,,,,,,,,,,,,,,,,,,,,,,,,,,,,,,,,,,,,,,,,,,,,,,,,,,,,,,,,,,,,,,,,,,,,,,,,,,,,,,,,,,
Sys,Sys,Sys,Sys,Sys,UserDefVar,UserDefVar,UserDefVar,UserDefVar,UserDefVar,UserDefVar,UserDefVar,UserDefVar,UserDefVar,UserDefVar,UserDefVar,GasEx,GasEx,GasEx,GasEx,GasEx,GasEx,Leak,Leak,Leak,Leak,Leak,LeafQ,LeafQ,LeafQ,LeafQ,Const,Meas,Meas,Meas,Meas,Meas,Meas,Meas,Meas,Meas,Meas,Meas,Meas,Meas,Meas,Match,Match,Match,Match,Match,Match,Match,Match,Match,Stability,Stability,Stability,Stability,Stability,Stability,Stability,Auxiliary,Auxiliary,Auxiliary,Auxiliary,Auxiliary,Auxiliary,Auxiliary,Auxiliary,Auxiliary,Auxiliary,Auxiliary,Auxiliary,Auxiliary,Auxiliary,Auxiliary,Auxiliary,Auxiliary,Auxiliary,Auxiliary,Status,Status,Status,Status,Status,Status,Status,Status,Status,Status,Status,Status,Status,Status,Status,Status,Status,Status,Status,Status
obs,time,elapsed,date,hhmmss,vtot,rho,Flux,virga,vchamber,area,R,collar_offset,plot,measurement,Notes,TIME,E,A,RHcham,VPcham,SVPcham,Leak,LeakPct,CorrFact,CorrFactPct,Fan,Qin,Qabs,alpha,convert,S,TIME,CO2_s,CO2_r,H2O_s,H2O_r,Flow,Pa,ΔPcham,Tair,Tleaf,Tleaf2,Fan_speed,Qamb_in,Qamb_out,time,hhmmss,count,co2_adj,h2o_adj,co2_at,h2o_at,co2_cv,h2o_cv,CO2_d.Meas2:MN,CO2_d.Meas2:SLP,CO2_d.Meas2:SD,CO2_d.Meas2:OK,Stable,Total,State,ADC_CH1,ADC_CH2,ADC_CH3,ADC_CH4,ADC_CH5,ADC_CH6,ADC_CH7,ADC_CH8,DAC_1,DAC_2,DAC_3,DAC_4,GPIO,GPIO_dir,excit_5v,power_12v,power_5v,ch1_pullup,AuxPower,MatchValveR,MatchValveS,MatchCO2,MatchH2O,DIAG,Flow_s,Flow_r,Txchg,Tirga,Tchopper,Ts,Tr,CO2_%,Desiccant_%,Humidifier_%,Txchg_sp,CO2_r_sp,H2O_r_sp,SS_s,SS_r
,s,s,,,cm^3,,umol m-2 s-1,cm^3,cm^3,cm^2,,cm,,,,s,mol m⁻² s⁻¹,µmol m⁻² s⁻¹,%,kPa,kPa,µmol s⁻¹,%,,%,µmol s⁻¹,µmol m⁻² s⁻¹,µmol m⁻² s⁻¹,,J/µmol,cm²,s,µmol mol⁻¹,µmol mol⁻¹,mmol mol⁻¹,mmol mol⁻¹,µmol s⁻¹,kPa,kPa,°C,°C,°C,rpm,µmol m⁻² s⁻¹,µmol m⁻² s⁻¹,secs,,,µmol/mol,mmol/mol,µmol/mol,mmol/mol,%,%,,,,,,,,V,V,V,V,V,V,V,V,V,V,V,V,,,,,,,V,%,%,µmol/mol,mmol/mol,,µmol s⁻¹,µmol s⁻¹,°C,°C,°C,°C,°C,%,%,%,°C,µmol mol⁻¹,mmol mol⁻¹,%,%
1,1553173116,0,20190321 07:58:35,7:58:35,7696,43.15753522,0,300,5614,660,8.314,2.7,16c,NEE or ER,,1553173116,0.000138066,-0.635993621,87.74595159,0.621923276,0.708777174,132,9,1,0,56874.77685,0.219127,0.10737223,0.49,0.39,10,1553173116,400.857,400.451,6.29765,6.20172,1430.17,98.7273,0.0275175,2.00069,999.9,999.9,9986.25,0,0.219127,0,--:--:--,0,-1.163,-0.064,0,0,0,0,-77.27232326,0.008721239,0.025869159,1,0,0,0/0,1.88459,1.88149,1.88309,1.88176,1.8837,1.88298,1.88471,1.8822,5,0,0,0,11111111,oooooooo,off,off,off,off,5,0,0,0,0,2,1326.67,3.66319,4.54522,8.50777,29.998,8.80117,8.72855,-1,0,62.1026,-999.9,400,18.3889,104.058,103.446
2,1553173118,2,20190321 07:58:37,7:58:37,7696,43.16460391,0,300,5614,660,8.314,2.7,16c,NEE or ER,,1553173118,0.000225939,-0.543930329,88.80411948,0.627687509,0.706822513,142,10,1,0,56884.09661,0.219127,0.10737223,0.49,0.39,10,1553173118,400.76,400.443,6.35595,6.19898,1430.23,98.7296,0.0262915,1.96204,999.9,999.9,9986.25,0,0.219127,0,--:--:--,0,-1.163,-0.064,0,0,0,0,-77.27232326,0.008721239,0.025869159,1,0,0,0/0,1.8846,1.8815,1.88309,1.88176,1.8837,1.88298,1.88471,1.88221,5,0,0,0,11111111,oooooooo,off,off,off,off,5,0,0,0,0,2,1319.82,3.68481,4.5223,8.49854,29.9977,8.79201,8.71981,-1,0,63.0785,-999.9,400,18.2947,104.058,103.446
3,1553173120,4,20190321 07:58:39,7:58:39,7696,43.17153134,0,300,5614,660,8.314,2.7,16c,NEE or ER,,1553173120,0.000290727,-0.424042361,89.68750491,0.631795928,0.704441414,130,9,1,0,57036.66362,0.219127,0.10737223,0.49,0.39,10,1553173120,400.697,400.482,6.39764,6.1957,1430.46,98.7285,0.0260295,1.91483,999.9,999.9,10012.5,0,0.219127,0,--:--:--,0,-1.163,-0.064,0,0,0,0,-77.27232326,0.008721239,0.025869159,1,0,0,0/0,1.88461,1.88153,1.88309,1.88179,1.88371,1.88301,1.88474,1.88223,5,0,0,0,11111111,oooooooo,off,off,off,off,5,0,0,0,0,2,1329.01,3.70427,4.49962,8.48959,29.9979,8.7823,8.71109,-1,0,64.0106,-999.9,400,18.1734,104.057,103.445
4,1553173122,6.399999857,20190321 07:58:42,7:58:42,7696,43.17873791,0,300,5614,660,8.314,2.7,16c,NEE or ER,,1553173122,0.000361815,-0.309449163,90.62134811,0.636294854,0.702146753,132,9,1,0,56889.06522,0.219127,0.10737223,0.49,0.39,10,1553173122,400.615,400.5,6.44318,6.19187,1430.44,98.7286,0.0261847,1.8692,999.9,999.9,9983.75,0,0.219127,0,--:--:--,0,-1.163,-0.064,0,0,0,0,-77.27232326,0.008721239,0.025869159,1,0,0,0/0,1.88461,1.88153,1.88309,1.8818,1.88371,1.88303,1.88475,1.88221,5,0,0,0,11111111,oooooooo,off,off,off,off,5,0,0,0,0,2,1326.94,3.69341,4.47085,8.47762,29.9979,8.76974,8.69924,-1,0,65.4305,-999.9,400,18.0564,104.057,103.443
5,1553173124,8.5,20190321 07:58:44,7:58:44,7696,43.1789972,0,300,5614,660,8.314,2.7,16c,NEE or ER,,1553173124,0.000411463,-0.259232153,91.06307975,0.639308208,0.702049843,129,9,1,0,56834.72375,0.219127,0.10737223,0.49,0.39,10,1553173124,400.541,400.475,6.47368,6.18794,1430.67,98.7285,0.0264907,1.86727,999.9,999.9,9973.75,0,0.219127,0,--:--:--,0,-1.163,-0.064,0,0,0,0,-77.27232326,0.008721239,0.025869159,1,0,0,0/0,1.8846,1.88153,1.88309,1.88179,1.8837,1.88301,1.88473,1.8822,5,0,0,0,11111111,oooooooo,off,off,off,off,5,0,0,0,0,2,1329.76,3.6804,4.44846,8.46815,29.9981,8.76015,8.68996,-1,0,66.3259,-999.9,400,17.9279,104.057,103.442
6,1553173126,10.5,20190321 07:58:46,7:58:46,7696,43.17251457,0,300,5614,660,8.314,2.7,16c,NEE or ER,,1553173126,0.000464709,-0.19468853,91.24884138,0.642558005,0.704182097,132,9,1,0,57078.92465,0.219127,0.10737223,0.49,0.39,10,1553173126,400.472,400.466,6.50652,6.18388,1430.96,98.7289,0.0271178,1.90968,999.9,999.9,10020,0,0.219127,0,--:--:--,0,-1.163,-0.064,0,0,0,0,-77.27232326,0.008721239,0.025869159,1,0,0,0/0,1.8846,1.88153,1.88309,1.88179,1.88371,1.88302,1.88473,1.88218,5,0,0,0,11111111,oooooooo,off,off,off,off,5,0,0,0,0,2,1327.29,3.70635,4.42742,8.45868,29.9982,8.75058,8.68119,-1,0,67.2273,-999.9,400,17.8179,104.056,103.442
7,1553173128,12.5,20190321 07:58:48,7:58:48,7696,43.16347563,0,300,5614,660,8.314,2.7,16c,NEE or ER,,1553173128,0.000514394,-0.088624145,91.28913303,0.645596679,0.707199924,139,10,1,0,57135.20224,0.219127,0.10737223,0.49,0.39,10,1553173128,400.402,400.484,6.53724,6.18012,1430.98,98.7297,0.0270657,1.96951,999.9,999.9,10032.5,0,0.219127,0,--:--:--,0,-1.163,-0.064,0,0,0,0,-77.27232326,0.008721239,0.025869159,1,0,0,0/0,1.8846,1.88154,1.88308,1.88179,1.88371,1.88303,1.88473,1.88218,5,0,0,0,11111111,oooooooo,off,off,off,off,5,0,0,0,0,2,1322.05,3.71715,4.4068,8.44921,29.9982,8.74127,8.67248,-1,0,68.1358,-999.9,400,17.7146,104.056,103.442
8,1553173130,14.5,20190321 07:58:50,7:58:50,7696,43.16056617,0,300,5614,660,8.314,2.7,16c,NEE or ER,,1553173130,0.000551858,-0.060604094,91.45731127,0.647798457,0.708306911,146,10,1,0,56953.89808,0.219127,0.10737223,0.49,0.39,10,1553173130,400.389,400.501,6.55948,6.17656,1431.73,98.7309,0.0266931,1.9914,999.9,999.9,10000,0,0.219127,0,--:--:--,0,-1.163,-0.064,0,0,0,0,-77.27232326,0.008721239,0.025869159,1,0,0,0/0,1.88458,1.88155,1.88308,1.88178,1.88371,1.88302,1.88474,1.88219,5,0,0,0,11111111,oooooooo,off,off,off,off,5,0,0,0,0,2,1317.57,3.70846,4.386,8.43948,29.9984,8.73197,8.66376,-1,0,69.0258,-999.9,400,17.6131,104.057,103.442
9,1553173132,16.5,20190321 07:58:52,7:58:52,7696,43.161414,0,300,5614,660,8.314,2.7,16c,NEE or ER,,1553173132,0.000583918,-0.007522617,91.74254829,0.649619667,0.708089843,127,9,1,0,56955.01735,0.219127,0.10737223,0.49,0.39,10,1553173132,400.335,400.493,6.57798,6.17287,1431.9,98.7313,0.0254105,1.98711,999.9,999.9,10000,0,0.219127,0,--:--:--,0,-1.163,-0.064,0,0,0,0,-77.27232326,0.008721239,0.025869159,1,0,0,0/0,1.88458,1.88155,1.88308,1.88176,1.8837,1.88301,1.88475,1.8822,5,0,0,0,11111111,oooooooo,off,off,off,off,5,0,0,0,0,2,1332.03,3.71276,4.36588,8.42974,29.9984,8.7224,8.65504,-1,0,69.9488,-999.9,400,17.5428,104.057,103.441
10,1553173134,18.5,20190321 07:58:54,7:58:54,7696,43.16204537,0,300,5614,660,8.314,2.7,16c,NEE or ER,,1553173134,0.000616222,0.056794671,92.04286706,0.651416113,0.707731228,113,8,1,0,57071.62663,0.219127,0.10737223,0.49,0.39,10,1553173134,400.285,400.497,6.59627,6.16861,1431.41,98.7302,0.0250228,1.98002,999.9,999.9,10021.2,0,0.219127,0,--:--:--,0,-1.163,-0.064,0,0,0,0,-77.27232326,0.008721239,0.025869159,1,0,0,0/0,1.88458,1.88153,1.88308,1.88177,1.8837,1.88301,1.88475,1.8822,5,0,0,0,11111111,oooooooo,off,off,off,off,5,0,0,0,0,2,1342.06,3.70623,4.34567,8.42001,29.9984,8.71309,8.6461,-1,0,70.8348,-999.9,400,17.4428,104.054,103.441
11,1553173136,20.5,20190321 07:58:56,7:58:56,7696,43.16306636,0,300,5614,660,8.314,2.7,16c,NEE or ER,,1553173136,0.000643457,0.0831356,92.31695386,0.652974136,0.70731768,124,9,1,0,57072.97758,0.219127,0.10737223,0.49,0.39,10,1553173136,400.285,400.523,6.61214,6.16562,1431.52,98.7296,0.024228,1.97184,999.9,999.9,10021.2,0,0.219127,0,--:--:--,0,-1.163,-0.064,0,0,0,0,-77.27232326,0.008721239,0.025869159,1,0,0,0/0,1.88458,1.88154,1.88309,1.8818,1.88371,1.88302,1.88475,1.88221,5,0,0,0,11111111,oooooooo,off,off,off,off,5,0,0,0,0,2,1333.84,3.70621,4.32622,8.41002,29.9986,8.7038,8.63685,-1,0,71.7011,-999.9,400,17.3428,104.052,103.442
12,1553173138,22.5,20190321 07:58:58,7:58:58,7696,43.16563498,0,300,5614,660,8.314,2.7,16c,NEE or ER,,1553173138,0.000666724,0.24701952,92.51100282,0.65433686,0.707307066,131,9,1,0,56926.44062,0.219127,0.10737223,0.49,0.39,10,1553173138,400.159,400.518,6.62608,6.16333,1431.24,98.7354,0.0163295,1.97163,999.9,999.9,9993.75,0,0.219127,0,--:--:--,0,-1.163,-0.064,0,0,0,0,-77.27232326,0.008721239,0.025869159,1,0,0,0/0,1.88458,1.88154,1.88309,1.88181,1.88371,1.88301,1.88475,1.8822,5,0,0,0,11111111,oooooooo,off,off,off,off,5,0,0,0,0,2,1328.58,3.70835,4.30714,8.39977,29.9988,8.69398,8.62782,-1,0,72.552,-999.9,400,17.2433,104.053,103.441
13,1553173140,24.5,20190321 07:59:00,7:59:00,7696,43.17234478,0,300,5614,660,8.314,2.7,16c,NEE or ER,,1553173140,0.000689405,0.360809829,92.85651609,0.655624732,0.706062169,157,11,1,0,56928.46074,0.219127,0.10737223,0.49,0.39,10,1553173140,400.046,400.491,6.63921,6.1605,1430.57,98.7419,0.00851337,1.94698,999.9,999.9,9992.5,0,0.219127,0,--:--:--,0,-1.163,-0.064,0,0,0,0,-77.27232326,0.008721239,0.025869159,1,0,0,0/0,1.88459,1.88154,1.88309,1.88179,1.8837,1.883,1.88476,1.8822,5,0,0,0,11111111,oooooooo,off,off,off,off,5,0,0,0,0,2,1308.88,3.71698,4.2879,8.38978,29.9988,8.68415,8.6189,-1,0,73.3989,-999.9,400,17.1401,104.058,103.438
14,1553173142,26.5,20190321 07:59:02,7:59:02,7696,43.18005113,0,300,5614,660,8.314,2.7,16c,NEE or ER,,1553173142,0.000713734,0.388555387,93.30099581,0.656847343,0.70400893,148,10,1,0,57075.23402,0.219127,0.10737223,0.49,0.39,10,1553173142,400.025,400.496,6.65166,6.15626,1431.14,98.7449,0.00448628,1.90624,999.9,999.9,10017.5,0,0.219127,0,--:--:--,0,-1.163,-0.064,0,0,0,0,-77.27232326,0.008721239,0.025869159,1,0,0,0/0,1.8846,1.88153,1.88309,1.88177,1.88371,1.883,1.88475,1.8822,5,0,0,0,11111111,oooooooo,off,off,off,off,5,0,0,0,0,2,1315.82,3.71912,4.26926,8.37951,29.9987,8.6746,8.60967,-1,0,74.2412,-999.9,400,17.0388,104.061,103.437
15,1553173144,28.5,20190321 07:59:04,7:59:04,7696,43.18341487,0,300,5614,660,8.314,2.7,16c,NEE or ER,,1553173144,0.000738255,0.290184238,93.60180807,0.658087415,0.703071263,112,8,1,0,57072.58066,0.219127,0.10737223,0.49,0.39,10,1553173144,400.096,400.505,6.66422,6.152,1431.68,98.7459,0.00345321,1.8876,999.9,999.9,10016.2,0,0.219127,0,--:--:--,0,-1.163,-0.064,0,0,0,0,-77.27232326,0.008721239,0.025869159,1,0,0,0/0,1.88459,1.88154,1.88309,1.88177,1.88372,1.883,1.88473,1.8822,5,0,0,0,11111111,oooooooo,off,off,off,off,5,0,0,0,0,2,1343.26,3.71259,4.25044,8.36871,29.9989,8.66505,8.60044,-1,0,75.0576,-999.9,400,16.9336,104.06,103.438
16,1553173146,30.5,20190321 07:59:06,7:59:06,7696,43.18292999,0,300,5614,660,8.314,2.7,16c,NEE or ER,,1553173146,0.00075782,0.064595549,93.74042302,0.659102507,0.703114501,113,8,1,0,57058.82842,0.219127,0.10737223,0.49,0.39,10,1553173146,400.278,400.535,6.67441,6.14861,1431.65,98.7451,0.00557717,1.88846,999.9,999.9,10013.8,0,0.219127,0,--:--:--,0,-1.163,-0.064,0,0,0,0,-77.27232326,0.008721239,0.025869159,1,0,0,0/0,1.88457,1.88153,1.88309,1.88177,1.88372,1.88299,1.88473,1.88219,5,0,0,0,11111111,oooooooo,off,off,off,off,5,0,0,0,0,2,1342.16,3.71472,4.23215,8.35793,29.9989,8.65495,8.59098,-1,0,75.8478,-999.9,400,16.8017,104.058,103.439
17,1553173148,32.5,20190321 07:59:08,7:59:08,7696,43.18305509,0,300,5614,660,8.314,2.7,16c,NEE or ER,,1553173148,0.000779626,-0.200530186,93.88464459,0.660197271,0.703200479,137,10,1,0,57099.41721,0.219127,0.10737223,0.49,0.39,10,1553173148,400.456,400.534,6.68544,6.14455,1431.74,98.746,0.00550634,1.89017,999.9,999.9,10021.2,0,0.219127,0,--:--:--,0,-1.163,-0.064,0,0,0,0,-77.27232326,0.008721239,0.025869159,1,0,0,0/0,1.88459,1.88151,1.88309,1.88176,1.88372,1.88298,1.88473,1.88217,5,0,0,0,11111111,oooooooo,off,off,off,off,5,0,0,0,0,2,1324.38,3.71686,4.21409,8.34717,29.9987,8.64458,8.58121,-1,0,76.6299,-999.9,400,16.6879,104.058,103.439
18,1553173150,34.5,20190321 07:59:10,7:59:10,7696,43.182531,0,300,5614,660,8.314,2.7,16c,NEE or ER,,1553173150,0.000801849,-0.493030334,94.05272421,0.661339483,0.703158243,159,11,1,0,57051.19886,0.219127,0.10737223,0.49,0.39,10,1553173150,400.67,400.55,6.69708,6.1406,1431.28,98.7445,0.00592301,1.88933,999.9,999.9,10012.5,0,0.219127,0,--:--:--,0,-1.163,-0.064,0,0,0,0,-77.27232326,0.008721239,0.025869159,1,0,0,0/0,1.8846,1.88152,1.88309,1.88175,1.88371,1.88298,1.88472,1.88217,5,0,0,0,11111111,oooooooo,off,off,off,off,5,0,0,0,0,2,1307.35,3.72332,4.19552,8.3364,29.9987,8.63449,8.57143,-1,0,77.4074,-999.9,400,16.5797,104.059,103.439
19,1553173152,36.5,20190321 07:59:12,7:59:12,7696,43.18486777,0,300,5614,660,8.314,2.7,16c,NEE or ER,,1553173152,0.000819509,-0.719279242,94.25577913,0.662128239,0.702480257,152,11,1,0,56979.14687,0.219127,0.10737223,0.49,0.39,10,1553173152,400.855,400.582,6.70504,6.13636,1431.41,98.745,0.00582614,1.87584,999.9,999.9,9998.75,0,0.219127,0,--:--:--,0,-1.163,-0.064,0,0,0,0,-77.27232326,0.008721239,0.025869159,1,0,0,0/0,1.88458,1.88152,1.88309,1.88175,1.88371,1.88299,1.88473,1.88219,5,0,0,0,11111111,oooooooo,off,off,off,off,5,0,0,0,0,2,1313.31,3.72329,4.17771,8.32533,29.9989,8.62415,8.56166,-1,0,78.1801,-999.9,400,16.4705,104.06,103.44
20,1553173154,38.5,20190321 07:59:14,7:59:14,7696,43.18795747,0,300,5614,660,8.314,2.7,16c,NEE or ER,,1553173154,0.000836045,-1.064165937,94.45079716,0.662868816,0.701813892,137,10,1,0,57044.71044,0.219127,0.10737223,0.49,0.39,10,1553173154,401.071,400.562,6.71246,6.13252,1431.93,98.7473,0.00469489,1.86257,999.9,999.9,10010,0,0.219127,0,--:--:--,0,-1.163,-0.064,0,0,0,0,-77.27232326,0.008721239,0.025869159,1,0,0,0/0,1.88459,1.88152,1.88309,1.88176,1.88371,1.883,1.88472,1.88221,5,0,0,0,11111111,oooooooo,off,off,off,off,5,0,0,0,0,2,1324.41,3.71028,4.15986,8.31403,29.9987,8.61325,8.55163,-1,0,78.9394,-999.9,400,16.3603,104.062,103.44
21,1553173156,40.5,20190321 07:59:16,7:59:16,7696,43.18744103,0,300,5614,660,8.314,2.7,16c,NEE or ER,,1553173156,0.000852144,-1.471715926,94.58600976,0.663696224,0.701685404,135,9,1,0,56989.37651,0.219127,0.10737223,0.49,0.39,10,1553173156,401.38,400.591,6.72089,6.12973,1431.79,98.7452,0.00604046,1.86001,999.9,999.9,10000,0,0.219127,0,--:--:--,0,-1.163,-0.064,0,0,0,0,-77.27232326,0.008721239,0.025869159,1,0,0,0/0,1.8846,1.88152,1.88309,1.88177,1.8837,1.88302,1.88472,1.8822,5,0,0,0,11111111,oooooooo,off,off,off,off,5,0,0,0,0,2,1325.63,3.70159,4.14161,8.30247,29.9987,8.60289,8.54138,-1,0,79.3254,-999.9,400,16.2492,104.064,103.439
22,1553173158,42.5,20190321 07:59:18,7:59:18,7696,43.18802727,0,300,5614,660,8.314,2.7,16c,NEE or ER,,1553173158,0.000868796,-1.829102358,94.72886839,0.664494718,0.701470132,130,9,1,0,56945.76075,0.219127,0.10737223,0.49,0.39,10,1553173158,401.686,400.652,6.7289,6.12605,1431.45,98.745,0.00735452,1.85572,999.9,999.9,9991.88,0,0.219127,0,--:--:--,0,-1.163,-0.064,0,0,0,0,-77.27232326,0.008721239,0.025869159,1,0,0,0/0,1.8846,1.88151,1.88309,1.88177,1.8837,1.88301,1.88472,1.8822,5,0,0,0,11111111,oooooooo,off,off,off,off,5,0,0,0,0,2,1329.62,3.70372,4.12397,8.29064,29.9987,8.59255,8.53107,-1,0,80.4277,-999.9,400,16.139,104.065,103.44
23,1553173160,44.5,20190321 07:59:20,7:59:20,7696,43.18957341,0,300,5614,660,8.314,2.7,16c,NEE or ER,,1553173160,0.000885561,-2.2585964,94.88683416,0.665266766,0.70111599,113,8,1,0,57002.57728,0.219127,0.10737223,0.49,0.39,10,1553173160,401.99,400.661,6.73653,6.12212,1431.61,98.746,0.00911077,1.84866,999.9,999.9,10001.9,0,0.219127,0,--:--:--,0,-1.163,-0.064,0,0,0,0,-77.27232326,0.008721239,0.025869159,1,0,0,0/0,1.88461,1.88152,1.88309,1.88176,1.88371,1.88298,1.88472,1.88221,5,0,0,0,11111111,oooooooo,off,off,off,off,5,0,0,0,0,2,1341.88,3.70585,4.10622,8.27908,29.9987,8.58167,8.52078,-1,0,80.978,-999.9,400,16.0258,104.066,103.441
24,1553173186,70.5,20190321 07:59:46,7:59:46,7696,43.21043611,0,300,5614,660,8.314,2.7,16c,NEE or ER,redo,1553173186,0.000490856,-0.205464624,91.42245904,0.633347892,0.692770572,133,9,1,0,57074.42183,0.219127,0.10737223,0.49,0.39,10,1553173186,401.071,401.065,6.41317,6.07277,1432.75,98.7336,0.023784,1.68137,999.9,999.9,10010,0,0.219127,0,--:--:--,0,-1.163,-0.064,0,0,0,0,-77.27232326,0.008721239,0.025869159,1,0,0,0/0,1.8846,1.88151,1.88309,1.88179,1.88371,1.88301,1.88472,1.88218,5,0,0,0,11111111,oooooooo,off,off,off,off,5,0,0,0,0,2,1328.3,3.7487,3.87311,8.12579,29.9977,8.44466,8.38171,-1,0,90.7834,-999.9,400,15.2089,104.071,103.431
25,1553173188,72.5,20190321 07:59:48,7:59:48,7696,43.22092868,0,300,5614,660,8.314,2.7,16c,NEE or ER,redo,1553173188,0.000554469,-0.13779591,92.43247323,0.637367477,0.689549305,141,10,1,0,57094.85058,0.219127,0.10737223,0.49,0.39,10,1553173188,400.998,401.057,6.45385,6.06941,1432.97,98.7342,0.0235147,1.61632,999.9,999.9,10011.2,0,0.219127,0,--:--:--,0,-1.163,-0.064,0,0,0,0,-77.27232326,0.008721239,0.025869159,1,0,0,0/0,1.8846,1.88153,1.88309,1.88181,1.88372,1.88299,1.88472,1.88218,5,0,0,0,11111111,oooooooo,off,off,off,off,5,0,0,0,0,2,1322.16,3.73135,3.85651,8.11376,29.9975,8.43465,8.37094,-1,0,91.1906,-999.9,400,15.0975,104.074,103.436
26,1553173190,74.5,20190321 07:59:50,7:59:50,7696,43.22562893,0,300,5614,660,8.314,2.7,16c,NEE or ER,redo,1553173190,0.000607738,-0.086016963,93.1179884,0.640593087,0.687936991,126,9,1,0,57149.18482,0.219127,0.10737223,0.49,0.39,10,1553173190,400.933,401.043,6.48658,6.06527,1433.14,98.7332,0.0234772,1.58366,999.9,999.9,10020,0,0.219127,0,--:--:--,0,-1.163,-0.064,0,0,0,0,-77.27232326,0.008721239,0.025869159,1,0,0,0/0,1.88458,1.88154,1.88309,1.88182,1.88372,1.88298,1.88472,1.88219,5,0,0,0,11111111,oooooooo,off,off,off,off,5,0,0,0,0,2,1333.67,3.73781,3.84048,8.10201,29.9976,8.42437,8.36015,-1,0,92.1258,-999.9,400,14.9912,104.077,103.44
27,1553173192,76.5,20190321 07:59:52,7:59:52,7696,43.22804669,0,300,5614,660,8.314,2.7,16c,NEE or ER,redo,1553173192,0.000656714,-0.013864926,93.6186193,0.643430711,0.687289255,130,9,1,0,56988.27234,0.219127,0.10737223,0.49,0.39,10,1553173192,400.855,401.029,6.51529,6.06007,1433.23,98.734,0.0230332,1.57052,999.9,999.9,9990,0,0.219127,0,--:--:--,0,-1.163,-0.064,0,0,0,0,-77.27232326,0.008721239,0.025869159,1,0,0,0/0,1.88458,1.88153,1.88309,1.88181,1.88372,1.88298,1.88474,1.88219,5,0,0,0,11111111,oooooooo,off,off,off,off,5,0,0,0,0,2,1331.01,3.73994,3.82502,8.09026,29.9978,8.41409,8.34917,-1,0,92.5771,-999.9,400,14.8412,104.08,103.446
28,1553173194,78.5,20190321 07:59:54,7:59:54,7696,43.22803227,0,300,5614,660,8.314,2.7,16c,NEE or ER,redo,1553173194,0.00069662,-0.006873949,93.9203836,0.645740764,0.687540595,141,10,1,0,56878.7659,0.219127,0.10737223,0.49,0.39,10,1553173194,400.824,401.014,6.53858,6.05577,1433.41,98.7358,0.0227629,1.57562,999.9,999.9,9970,0,0.219127,0,--:--:--,0,-1.163,-0.064,0,0,0,0,-77.27232326,0.008721239,0.025869159,1,0,0,0/0,1.88459,1.88152,1.88309,1.8818,1.8837,1.88297,1.88475,1.88218,5,0,0,0,11111111,oooooooo,off,off,off,off,5,0,0,0,0,2,1322.38,3.73774,3.80929,8.07852,29.9979,8.40382,8.33813,-1,0,93.0426,-999.9,400,14.7285,104.083,103.45
29,1553173196,80.5,20190321 07:59:56,7:59:56,7696,43.22781126,0,300,5614,660,8.314,2.7,16c,NEE or ER,redo,1553173196,0.000730755,-0.090782302,94.1759528,0.647743972,0.687801878,141,10,1,0,56946.91093,0.219127,0.10737223,0.49,0.39,10,1553173196,400.857,400.998,6.55876,6.05239,1433.66,98.7372,0.0229272,1.58092,999.9,999.9,9982.5,0,0.219127,0,--:--:--,0,-1.163,-0.064,0,0,0,0,-77.27232326,0.008721239,0.025869159,1,0,0,0/0,1.8846,1.88153,1.88308,1.88179,1.88371,1.88296,1.88474,1.88218,5,0,0,0,11111111,oooooooo,off,off,off,off,5,0,0,0,0,2,1322.81,3.73987,3.7939,8.0668,29.998,8.39355,8.32706,-1,0,93.9771,-999.9,400,14.617,104.086,103.453
30,1553173198,82.5,20190321 07:59:58,7:59:58,7696,43.22399103,0,300,5614,660,8.314,2.7,16c,NEE or ER,redo,1553173198,0.000765621,-0.162080509,94.31300458,0.64975184,0.688931334,139,10,1,0,56989.76209,0.219127,0.10737223,0.49,0.39,10,1553173198,400.857,400.958,6.57911,6.04868,1433.9,98.7367,0.0231384,1.60381,999.9,999.9,9991.25,0,0.219127,0,--:--:--,0,-1.163,-0.064,0,0,0,0,-77.27232326,0.008721239,0.025869159,1,0,0,0/0,1.88461,1.88153,1.88309,1.88181,1.88372,1.88297,1.88474,1.88218,5,0,0,0,11111111,oooooooo,off,off,off,off,5,0,0,0,0,2,1324.35,3.73335,3.77934,8.05506,29.9982,8.38354,8.31605,-1,0,94.4232,-999.9,400,14.4963,104.088,103.456
31,1553173200,84.5,20190321 08:00:00,8:00:00,7696,43.22019533,0,300,5614,660,8.314,2.7,16c,NEE or ER,redo,1553173200,0.000796251,-0.214502917,94.41872067,0.651450076,0.689958592,159,11,1,0,56943.71406,0.219127,0.10737223,0.49,0.39,10,1553173200,400.877,400.95,6.59638,6.04485,1434.19,98.7355,0.0232246,1.6246,999.9,999.9,9983.75,0,0.219127,0,--:--:--,0,-1.163,-0.064,0,0,0,0,-77.27232326,0.008721239,0.025869159,1,0,0,0/0,1.8846,1.88152,1.88309,1.88183,1.8837,1.88297,1.88473,1.8822,5,0,0,0,11111111,oooooooo,off,off,off,off,5,0,0,0,0,2,1309.76,3.73331,3.76453,8.04333,29.9982,8.3733,8.30529,-1,0,94.8698,-999.9,400,14.387,104.09,103.459
32,1553173202,86.5,20190321 08:00:02,8:00:02,7696,43.22028207,0,300,5614,660,8.314,2.7,16c,NEE or ER,redo,1553173202,0.000821094,-0.284760291,94.60624793,0.65278323,0.690000126,152,11,1,0,56998.54788,0.219127,0.10737223,0.49,0.39,10,1553173202,400.953,400.984,6.60986,6.04113,1434.19,98.736,0.02301,1.62544,999.9,999.9,9993.75,0,0.219127,0,--:--:--,0,-1.163,-0.064,0,0,0,0,-77.27232326,0.008721239,0.025869159,1,0,0,0/0,1.8846,1.88154,1.88309,1.88181,1.88371,1.88298,1.88474,1.88222,5,0,0,0,11111111,oooooooo,off,off,off,off,5,0,0,0,0,2,1315.02,3.73977,3.74939,8.03187,29.9982,8.36306,8.29455,-1,0,95.7441,-999.9,400,14.2669,104.092,103.462
33,1553173204,88.5,20190321 08:00:04,8:00:04,7696,43.22173573,0,300,5614,660,8.314,2.7,16c,NEE or ER,redo,1553173204,0.000842784,-0.312114579,94.81210475,0.653835717,0.689612068,134,9,1,0,57137.47301,0.219127,0.10737223,0.49,0.39,10,1553173204,400.961,400.979,6.62046,6.03657,1433.84,98.7365,0.0233621,1.61759,999.9,999.9,10018.8,0,0.219127,0,--:--:--,0,-1.163,-0.064,0,0,0,0,-77.27232326,0.008721239,0.025869159,1,0,0,0/0,1.88461,1.88151,1.88308,1.88182,1.88371,1.88299,1.88475,1.88222,5,0,0,0,11111111,oooooooo,off,off,off,off,5,0,0,0,0,2,1328.37,3.73973,3.73526,8.02042,29.9983,8.35281,8.28381,-1,0,96.1898,-999.9,400,14.1593,104.094,103.464
34,1553173206,90.5,20190321 08:00:06,8:00:06,7696,43.22136562,0,300,5614,660,8.314,2.7,16c,NEE or ER,redo,1553173206,0.00085984,-0.372024016,94.92954535,0.654625428,0.689590817,136,9,1,0,57177.43745,0.219127,0.10737223,0.49,0.39,10,1553173206,400.978,400.959,6.62845,6.03284,1434.06,98.7355,0.0244556,1.61716,999.9,999.9,10026.2,0,0.219127,0,--:--:--,0,-1.163,-0.064,0,0,0,0,-77.27232326,0.008721239,0.025869159,1,0,0,0/0,1.88461,1.8815,1.88308,1.88184,1.8837,1.88299,1.88473,1.88222,5,0,0,0,11111111,oooooooo,off,off,off,off,5,0,0,0,0,2,1326.71,3.73754,3.72106,8.009,29.9983,8.34229,8.27307,-1,0,96.6155,-999.9,400,14.0468,104.096,103.466
35,1553173208,92.5,20190321 08:00:08,8:00:08,7696,43.22229286,0,300,5614,660,8.314,2.7,16c,NEE or ER,redo,1553173208,0.000874135,-0.449498124,95.05182382,0.655309421,0.6894233,129,9,1,0,57049.06981,0.219127,0.10737223,0.49,0.39,10,1553173208,401.036,400.967,6.63532,6.02974,1433.89,98.7364,0.0243863,1.61377,999.9,999.9,10002.5,0,0.219127,0,--:--:--,0,-1.163,-0.064,0,0,0,0,-77.27232326,0.008721239,0.025869159,1,0,0,0/0,1.88461,1.88153,1.88308,1.88185,1.8837,1.88299,1.88474,1.88223,5,0,0,0,11111111,oooooooo,off,off,off,off,5,0,0,0,0,2,1332.25,3.73967,3.70609,7.99755,29.9984,8.33205,8.26233,-1,0,97.4689,-999.9,400,13.9324,104.097,103.467
36,1553173210,94.5,20190321 08:00:10,8:00:10,7696,43.22590499,0,300,5614,660,8.314,2.7,16c,NEE or ER,redo,1553173210,0.000888517,-0.5685587,95.25834929,0.65587572,0.68852308,128,9,1,0,57046.72777,0.219127,0.10737223,0.49,0.39,10,1553173210,401.112,400.964,6.64099,6.0253,1433.54,98.7381,0.0236389,1.59554,999.9,999.9,10001.2,0,0.219127,0,--:--:--,0,-1.163,-0.064,0,0,0,0,-77.27232326,0.008721239,0.025869159,1,0,0,0/0,1.8846,1.88155,1.88308,1.88183,1.8837,1.88299,1.88474,1.88222,5,0,0,0,11111111,oooooooo,off,off,off,off,5,0,0,0,0,2,1332.69,3.72882,3.69115,7.98585,29.9984,8.32207,8.25162,-1,0,97.8825,-999.9,400,13.8163,104.099,103.468
37,1553173212,96.5,20190321 08:00:12,8:00:12,7696,43.22749,0,300,5614,660,8.314,2.7,16c,NEE or ER,redo,1553173212,0.000902888,-0.682049372,95.4146131,0.656372656,0.687916278,128,9,1,0,57096.95858,0.219127,0.10737223,0.49,0.39,10,1553173212,401.19,400.967,6.64609,6.02072,1434.17,98.7373,0.0234233,1.58324,999.9,999.9,10010,0,0.219127,0,--:--:--,0,-1.163,-0.064,0,0,0,0,-77.27232326,0.008721239,0.025869159,1,0,0,0/0,1.8846,1.88154,1.88309,1.88181,1.88371,1.883,1.88475,1.88221,5,0,0,0,11111111,oooooooo,off,off,off,off,5,0,0,0,0,2,1332.63,3.73311,3.67628,7.97443,29.9984,8.31182,8.2409,-1,0,98.2875,-999.9,400,13.7067,104.101,103.47
38,1553173214,98.5,20190321 08:00:14,8:00:14,7696,43.2262696,0,300,5614,660,8.314,2.7,16c,NEE or ER,redo,1553173214,0.000915917,-0.734702844,95.44835322,0.656943738,0.688271422,128,9,1,0,57150.03109,0.219127,0.10737223,0.49,0.39,10,1553173214,401.253,400.997,6.65191,6.01759,1434.33,98.7371,0.0230663,1.59044,999.9,999.9,10020,0,0.219127,0,--:--:--,0,-1.163,-0.064,0,0,0,0,-77.27232326,0.008721239,0.025869159,1,0,0,0/0,1.8846,1.88155,1.88308,1.88179,1.88371,1.883,1.88475,1.88221,5,0,0,0,11111111,oooooooo,off,off,off,off,5,0,0,0,0,2,1332.86,3.74822,3.66146,7.96326,29.9984,8.30188,8.23017,-1,0,99.0992,-999.9,400,13.591,104.102,103.472
39,1553173216,100.5,20190321 08:00:16,8:00:16,7696,43.226299,0,300,5614,660,8.314,2.7,16c,NEE or ER,redo,1553173216,0.000930688,-0.795124646,95.50383944,0.657565977,0.68852308,135,9,1,0,57191.0729,0.219127,0.10737223,0.49,0.39,10,1553173216,401.309,401.015,6.65811,6.01347,1434.12,98.739,0.0226571,1.59554,999.9,999.9,10027.5,0,0.219127,0,--:--:--,0,-1.163,-0.064,0,0,0,0,-77.27232326,0.008721239,0.025869159,1,0,0,0/0,1.88459,1.88154,1.88307,1.88178,1.8837,1.88298,1.88472,1.8822,5,0,0,0,11111111,oooooooo,off,off,off,off,5,0,0,0,0,2,1327.37,3.74818,3.64689,7.95184,29.9984,8.29193,8.21945,-1,0,99.4904,-999.9,400,13.4779,104.103,103.474
40,1553173218,102.5,20190321 08:00:18,8:00:18,7696,43.22657835,0,300,5614,660,8.314,2.7,16c,NEE or ER,redo,1553173218,0.00094515,-0.888440886,95.57075015,0.658126673,0.688627715,147,10,1,0,57191.44225,0.219127,0.10737223,0.49,0.39,10,1553173218,401.372,401.017,6.66371,6.00902,1434.04,98.7404,0.0224022,1.59766,999.9,999.9,10027.5,0,0.219127,0,--:--:--,0,-1.163,-0.064,0,0,0,0,-77.27232326,0.008721239,0.025869159,1,0,0,0/0,1.88459,1.88154,1.88307,1.88177,1.88371,1.88299,1.88472,1.88219,5,0,0,0,11111111,oooooooo,off,off,off,off,5,0,0,0,0,2,1318.51,3.75031,3.63327,7.94043,29.9985,8.2817,8.20873,-1,0,100,-999.9,400,13.3614,104.105,103.474
41,1553173220,104.5,20190321 08:00:20,8:00:20,7696,43.227286,0,300,5614,660,8.314,2.7,16c,NEE or ER,redo,1553173220,0.000954871,-0.981371936,95.63867051,0.658474024,0.688501859,151,11,1,0,57007.78803,0.219127,0.10737223,0.49,0.39,10,1553173220,401.457,401.04,6.66718,6.0058,1434.13,98.7411,0.0223988,1.59511,999.9,999.9,9993.75,0,0.219127,0,--:--:--,0,-1.163,-0.064,0,0,0,0,-77.27232326,0.008721239,0.025869159,1,0,0,0/0,1.8846,1.88154,1.88305,1.88175,1.8837,1.883,1.88473,1.88219,5,0,0,0,11111111,oooooooo,off,off,off,off,5,0,0,0,0,2,1315.76,3.75245,3.61962,7.92902,29.9985,8.27121,8.19802,-1,0,100,-999.9,400,13.2511,104.106,103.475
42,1553173222,106.5,20190321 08:00:22,8:00:22,7696,43.22860951,0,300,5614,660,8.314,2.7,16c,NEE or ER,redo,1553173222,0.000963042,-1.082265774,95.72197105,0.658637146,0.688073113,148,10,1,0,56900.05813,0.219127,0.10737223,0.49,0.39,10,1553173222,401.533,401.048,6.66884,6.00182,1434.17,98.741,0.0223751,1.58642,999.9,999.9,9973.75,0,0.219127,0,--:--:--,0,-1.163,-0.064,0,0,0,0,-77.27232326,0.008721239,0.025869159,1,0,0,0/0,1.8846,1.88152,1.88306,1.88175,1.8837,1.88299,1.88474,1.88219,5,0,0,0,11111111,oooooooo,off,off,off,off,5,0,0,0,0,2,1317.94,3.75241,3.60528,7.91762,29.9985,8.26098,8.18732,-1,0,100,-999.9,400,13.1389,104.107,103.477
43,1553173224,108.5,20190321 08:00:24,8:00:24,7696,43.22834712,0,300,5614,660,8.314,2.7,16c,NEE or ER,redo,1553173224,0.000978471,-1.243406579,95.78383785,0.659273103,0.688292637,139,10,1,0,56920.24381,0.219127,0.10737223,0.49,0.39,10,1553173224,401.626,401.033,6.67523,5.9975,1434.11,98.742,0.022103,1.59087,999.9,999.9,9977.5,0,0.219127,0,--:--:--,0,-1.163,-0.064,0,0,0,0,-77.27232326,0.008721239,0.025869159,1,0,0,0/0,1.88461,1.8815,1.88308,1.88179,1.88372,1.88301,1.88476,1.8822,5,0,0,0,11111111,oooooooo,off,off,off,off,5,0,0,0,0,2,1324.39,3.75454,3.59154,7.90622,29.9984,8.25076,8.17614,-1,0,100,-999.9,400,13.0187,104.108,103.478
44,1553173226,110.5,20190321 08:00:26,8:00:26,7696,43.22613466,0,300,5614,660,8.314,2.7,16c,NEE or ER,redo,1553173226,0.000993079,-1.395707521,95.76337027,0.659889048,0.689082941,133,9,1,0,57019.94758,0.219127,0.10737223,0.49,0.39,10,1553173226,401.733,401.038,6.68144,5.99363,1434.18,98.7427,0.0217951,1.60688,999.9,999.9,9996.25,0,0.219127,0,--:--:--,0,-1.163,-0.064,0,0,0,0,-77.27232326,0.008721239,0.025869159,1,0,0,0/0,1.88461,1.8815,1.88308,1.88178,1.88372,1.88303,1.88474,1.88219,5,0,0,0,11111111,oooooooo,off,off,off,off,5,0,0,0,0,2,1328.94,3.7545,3.5784,7.89541,29.9985,8.24056,8.16547,-1,0,100,-999.9,400,12.9036,104.109,103.479
45,1553173228,112.5,20190321 08:00:28,8:00:28,7696,43.22638598,0,300,5614,660,8.314,2.7,16c,NEE or ER,redo,1553173228,0.001002159,-1.555915864,95.82553139,0.660110129,0.688866651,117,8,1,0,57211.41233,0.219127,0.10737223,0.49,0.39,10,1553173228,401.839,401.035,6.68376,5.98974,1434.34,98.7417,0.0215902,1.6025,999.9,999.9,10031.2,0,0.219127,0,--:--:--,0,-1.163,-0.064,0,0,0,0,-77.27232326,0.008721239,0.025869159,1,0,0,0/0,1.8846,1.88151,1.88307,1.88178,1.88371,1.88304,1.88473,1.88218,5,0,0,0,11111111,oooooooo,off,off,off,off,5,0,0,0,0,2,1341.01,3.75447,3.56493,7.88401,29.9985,8.23033,8.15452,-1,0,100,-999.9,400,12.7934,104.111,103.48
46,1553173230,114.5,20190321 08:00:30,8:00:30,7696,43.23034704,0,300,5614,660,8.314,2.7,16c,NEE or ER,redo,1553173230,0.001012307,-1.639241241,96.02937307,0.660361159,0.687665803,120,8,1,0,57073.38165,0.219127,0.10737223,0.49,0.39,10,1553173230,401.888,401.029,6.68629,5.98542,1434.7,98.742,0.0214636,1.57816,999.9,999.9,10005,0,0.219127,0,--:--:--,0,-1.163,-0.064,0,0,0,0,-77.27232326,0.008721239,0.025869159,1,0,0,0/0,1.88459,1.8815,1.88308,1.88178,1.88372,1.88303,1.88475,1.88218,5,0,0,0,11111111,oooooooo,off,off,off,off,5,0,0,0,0,2,1339.02,3.75443,3.55126,7.87178,29.9985,8.21963,8.14274,-1,0,100,-999.9,400,12.6745,104.113,103.48
47,1553173232,116.5,20190321 08:00:32,8:00:32,7696,43.23232291,0,300,5614,660,8.314,2.7,16c,NEE or ER,redo,1553173232,0.001021186,-1.682877491,96.15923354,0.660540588,0.686923724,129,9,1,0,56973.38464,0.219127,0.10737223,0.49,0.39,10,1553173232,401.934,401.047,6.68816,5.98106,1434.53,98.7411,0.0215774,1.5631,999.9,999.9,9986.25,0,0.219127,0,--:--:--,0,-1.163,-0.064,0,0,0,0,-77.27232326,0.008721239,0.025869159,1,0,0,0/0,1.8846,1.8815,1.88309,1.88176,1.88373,1.88301,1.88473,1.88219,5,0,0,0,11111111,oooooooo,off,off,off,off,5,0,0,0,0,2,1332.29,3.75656,3.53847,7.86072,29.9985,8.20943,8.13209,-1,0,100,-999.9,400,12.5616,104.114,103.481
48,1553173234,118.5,20190321 08:00:34,8:00:34,7696,43.23145972,0,300,5614,660,8.314,2.7,16c,NEE or ER,redo,1553173234,0.001029724,-1.828319587,96.17994303,0.660758169,0.687002038,133,9,1,0,56924.34524,0.219127,0.10737223,0.49,0.39,10,1553173234,402.041,401.055,6.69054,5.97747,1434.41,98.7397,0.0203655,1.56469,999.9,999.9,9977.5,0,0.219127,0,--:--:--,0,-1.163,-0.064,0,0,0,0,-77.27232326,0.008721239,0.025869159,1,0,0,0/0,1.8846,1.88152,1.88308,1.88177,1.88372,1.88302,1.88473,1.88219,5,0,0,0,11111111,oooooooo,off,off,off,off,5,0,0,0,0,2,1329.26,3.75869,3.52581,7.84908,29.9985,8.19872,8.12088,-1,0,100,-999.9,400,12.4491,104.112,103.482
49,1553173236,120.5,20190321 08:00:36,8:00:36,7696,43.23191167,0,300,5614,660,8.314,2.7,16c,NEE or ER,redo,1553173236,0.001039086,-1.96903874,96.18627567,0.661021539,0.68723062,133,9,1,0,56986.52608,0.219127,0.10737223,0.49,0.39,10,1553173236,402.119,401.038,6.69338,5.97411,1434.97,98.7424,0.0151095,1.56933,999.9,999.9,9988.75,0,0.219127,0,--:--:--,0,-1.163,-0.064,0,0,0,0,-77.27232326,0.008721239,0.025869159,1,0,0,0/0,1.8846,1.88153,1.88308,1.88177,1.8837,1.88303,1.88476,1.8822,5,0,0,0,11111111,oooooooo,off,off,off,off,5,0,0,0,0,2,1329.88,3.76082,3.51249,7.83768,29.9985,8.188,8.10967,-1,0,100,-999.9,400,12.3294,104.111,103.482
50,1553173238,122.5,20190321 08:00:38,8:00:38,7696,43.23387103,0,300,5614,660,8.314,2.7,16c,NEE or ER,redo,1553173238,0.001046606,-2.092607652,96.26823896,0.661139562,0.686768106,120,8,1,0,57084.60134,0.219127,0.10737223,0.49,0.39,10,1553173238,402.204,401.039,6.69467,5.97016,1434.9,98.7435,0.0126092,1.55994,999.9,999.9,10006.2,0,0.219127,0,--:--:--,0,-1.163,-0.064,0,0,0,0,-77.27232326,0.008721239,0.025869159,1,0,0,0/0,1.8846,1.88152,1.88309,1.88179,1.88371,1.88303,1.88475,1.8822,5,0,0,0,11111111,oooooooo,off,off,off,off,5,0,0,0,0,2,1339.54,3.77376,3.49908,7.82576,29.9985,8.1762,8.0979,-1,0,100,-999.9,400,12.2171,104.112,103.483
51,1553173240,124.5,20190321 08:00:40,8:00:40,7696,43.23499346,0,300,5614,660,8.314,2.7,16c,NEE or ER,redo,1553173240,0.001052396,-2.209520836,96.32553429,0.661181659,0.686403313,132,9,1,0,56983.74786,0.219127,0.10737223,0.49,0.39,10,1553173240,402.338,401.093,6.69508,5.96642,1434.62,98.7434,0.0129493,1.55253,999.9,999.9,9987.5,0,0.219127,0,--:--:--,0,-1.163,-0.064,0,0,0,0,-77.27232326,0.008721239,0.025869159,1,0,0,0/0,1.88459,1.88151,1.88309,1.88179,1.88372,1.88303,1.88473,1.88218,5,0,0,0,11111111,oooooooo,off,off,off,off,5,0,0,0,0,2,1330.36,3.79104,3.48648,7.81413,29.9985,8.16494,8.08671,-1,0,100,-999.9,400,12.1044,104.114,103.485
52,1553173242,126.5,20190321 08:00:42,8:00:42,7696,43.23627836,0,300,5614,660,8.314,2.7,16c,NEE or ER,redo,1553173242,0.001060787,-2.473064984,96.42394002,0.661443399,0.685974249,144,10,1,0,57115.13574,0.219127,0.10737223,0.49,0.39,10,1553173242,402.529,401.103,6.69779,5.96343,1434.83,98.7432,0.0122699,1.54381,999.9,999.9,10011.2,0,0.219127,0,--:--:--,0,-1.163,-0.064,0,0,0,0,-77.27232326,0.008721239,0.025869159,1,0,0,0/0,1.88459,1.88151,1.88308,1.8818,1.88372,1.88302,1.88473,1.88219,5,0,0,0,11111111,oooooooo,off,off,off,off,5,0,0,0,0,2,1321.52,3.7737,3.47385,7.80335,29.9985,8.15476,8.07608,-1,0,100,-999.9,400,11.9857,104.117,103.486
53,1553173244,128.5,20190321 08:00:44,8:00:44,7696,43.23691926,0,300,5614,660,8.314,2.7,16c,NEE or ER,redo,1553173244,0.001070801,-2.754280021,96.51415217,0.661710515,0.68560983,135,9,1,0,57177.78948,0.219127,0.10737223,0.49,0.39,10,1553173244,402.713,401.094,6.70053,5.95926,1434.87,98.742,0.0129514,1.5364,999.9,999.9,10022.5,0,0.219127,0,--:--:--,0,-1.163,-0.064,0,0,0,0,-77.27232326,0.008721239,0.025869159,1,0,0,0/0,1.8846,1.88153,1.88308,1.8818,1.88373,1.88303,1.88475,1.88219,5,0,0,0,11111111,oooooooo,off,off,off,off,5,0,0,0,0,2,1328.56,3.75419,3.46029,7.79201,29.9985,8.14406,8.0649,-1,0,100,-999.9,400,11.8742,104.119,103.487
54,1553173246,130.5,20190321 08:00:46,8:00:46,7696,43.23770286,0,300,5614,660,8.314,2.7,16c,NEE or ER,redo,1553173246,0.00107669,-3.029704083,96.53840205,0.661653718,0.685378775,139,10,1,0,57018.08464,0.219127,0.10737223,0.49,0.39,10,1553173246,402.925,401.116,6.69981,5.95452,1434.98,98.7421,0.0149868,1.5317,999.9,999.9,9993.12,0,0.219127,0,--:--:--,0,-1.163,-0.064,0,0,0,0,-77.27232326,0.008721239,0.025869159,1,0,0,0/0,1.88461,1.88152,1.88308,1.88177,1.88372,1.88302,1.88475,1.88219,5,0,0,0,11111111,oooooooo,off,off,off,off,5,0,0,0,0,2,1325.24,3.77362,3.44686,7.7804,29.9985,8.13336,8.05372,-1,0,100,-999.9,400,11.757,104.12,103.489
55,1553173248,132.5,20190321 08:00:48,8:00:48,7696,43.23952818,0,300,5614,660,8.314,2.7,16c,NEE or ER,redo,1553173248,0.001084028,-3.312602403,96.63621596,0.661733924,0.684768042,142,10,1,0,56945.26938,0.219127,0.10737223,0.49,0.39,10,1553173248,403.11,401.106,6.70062,5.95023,1434.94,98.7418,0.0153186,1.51927,999.9,999.9,9979.38,0,0.219127,0,--:--:--,0,-1.163,-0.064,0,0,0,0,-77.27232326,0.008721239,0.025869159,1,0,0,0/0,1.88461,1.8815,1.88309,1.88178,1.88371,1.88301,1.88475,1.88218,5,0,0,0,11111111,oooooooo,off,off,off,off,5,0,0,0,0,2,1322.99,3.78224,3.43433,7.76902,29.9984,8.12265,8.04228,-1,0,100,-999.9,400,11.6418,104.122,103.49
56,1553173250,134.5,20190321 08:00:50,8:00:50,7696,43.24188367,0,300,5614,660,8.314,2.7,16c,NEE or ER,redo,1553173250,0.001093749,-3.323499163,96.77420964,0.661954852,0.6840199,137,10,1,0,56890.1522,0.219127,0.10737223,0.49,0.39,10,1553173250,403.114,401.105,6.70297,5.9458,1434.84,98.7417,0.013755,1.50403,999.9,999.9,9968.75,0,0.219127,0,--:--:--,0,-1.163,-0.064,0,0,0,0,-77.27232326,0.008721239,0.025869159,1,0,0,0/0,1.8846,1.88151,1.88308,1.88175,1.88371,1.88299,1.88473,1.88218,5,0,0,0,11111111,oooooooo,off,off,off,off,5,0,0,0,0,2,1326.92,3.78004,3.42173,7.75769,29.9984,8.11195,8.03111,-1,0,100,-999.9,400,11.5072,104.126,103.491
57,1553173252,136.5,20190321 08:00:52,8:00:52,7696,43.24239991,0,300,5614,660,8.314,2.7,16c,NEE or ER,redo,1553173252,0.001100104,-3.293623581,96.79097659,0.661993083,0.683940906,134,9,1,0,57116.66148,0.219127,0.10737223,0.49,0.39,10,1553173252,403.085,401.099,6.70332,5.94191,1435.14,98.7423,0.0137019,1.50242,999.9,999.9,10010,0,0.219127,0,--:--:--,0,-1.163,-0.064,0,0,0,0,-77.27232326,0.008721239,0.025869159,1,0,0,0/0,1.8846,1.88152,1.88307,1.88173,1.88371,1.88298,1.88471,1.88218,5,0,0,0,11111111,oooooooo,off,off,off,off,5,0,0,0,0,2,1329.46,3.78217,3.40835,7.74613,29.9984,8.10127,8.01993,-1,0,100,-999.9,400,11.3936,104.128,103.493
58,1553173254,138.5,20190321 08:00:54,8:00:54,7696,43.24457453,0,300,5614,660,8.314,2.7,16c,NEE or ER,redo,1553173254,0.001104015,-3.281010006,96.84963981,0.661870383,0.683399943,117,8,1,0,57277.05224,0.219127,0.10737223,0.49,0.39,10,1553173254,403.07,401.094,6.70218,5.93811,1435.23,98.7433,0.0111923,1.49139,999.9,999.9,10038.8,0,0.219127,0,--:--:--,0,-1.163,-0.064,0,0,0,0,-77.27232326,0.008721239,0.025869159,1,0,0,0/0,1.8846,1.88151,1.88305,1.88173,1.8837,1.88298,1.88474,1.88218,5,0,0,0,11111111,oooooooo,off,off,off,off,5,0,0,0,0,2,1341.74,3.77997,3.39512,7.7348,29.9984,8.09058,8.00877,-1,0,100,-999.9,400,11.2764,104.128,103.494
59,1553173256,140.5,20190321 08:00:56,8:00:56,7696,43.24906299,0,300,5614,660,8.314,2.7,16c,NEE or ER,redo,1553173256,0.001107555,-3.042140012,96.97180544,0.661681414,0.682344121,123,9,1,0,57152.82517,0.219127,0.10737223,0.49,0.39,10,1553173256,402.941,401.132,6.70017,5.93351,1434.97,98.7458,0.0101142,1.46984,999.9,999.9,10015,0,0.219127,0,--:--:--,0,-1.163,-0.064,0,0,0,0,-77.27232326,0.008721239,0.025869159,1,0,0,0/0,1.8846,1.88151,1.88306,1.88172,1.88371,1.88299,1.88474,1.88218,5,0,0,0,11111111,oooooooo,off,off,off,off,5,0,0,0,0,2,1337.03,3.7886,3.38235,7.72348,29.9984,8.08014,7.99788,-1,0,100,-999.9,400,11.1626,104.128,103.496
60,1553173258,142.5,20190321 08:00:58,8:00:58,7696,43.2494986,0,300,5614,660,8.314,2.7,16c,NEE or ER,redo,1553173258,0.001110182,-2.645222771,96.98607297,0.661396612,0.68195009,146,10,1,0,56968.64867,0.219127,0.10737223,0.49,0.39,10,1553173258,402.68,401.148,6.69731,5.92876,1434.84,98.7439,0.0116618,1.46179,999.9,999.9,9981.25,0,0.219127,0,--:--:--,0,-1.163,-0.064,0,0,0,0,-77.27232326,0.008721239,0.025869159,1,0,0,0/0,1.8846,1.88153,1.88307,1.88173,1.88371,1.88302,1.88475,1.88219,5,0,0,0,11111111,oooooooo,off,off,off,off,5,0,0,0,0,2,1320.26,3.78423,3.36897,7.7119,29.9984,8.07,7.98672,-1,0,100,-999.9,400,11.0474,104.129,103.498
61,1553173260,144.5,20190321 08:01:00,8:01:00,7696,43.2472786,0,300,5614,660,8.314,2.7,16c,NEE or ER,redo,1553173260,0.001110726,-2.369863478,96.94953255,0.661090495,0.681891369,146,10,1,0,57074.95059,0.219127,0.10737223,0.49,0.39,10,1553173260,402.467,401.127,6.69453,5.92566,1434.95,98.7384,0.0124451,1.46059,999.9,999.9,10001.2,0,0.219127,0,--:--:--,0,-1.163,-0.064,0,0,0,0,-77.27232326,0.008721239,0.025869159,1,0,0,0/0,1.8846,1.88154,1.88308,1.88173,1.8837,1.88303,1.88475,1.88219,5,0,0,0,11111111,oooooooo,off,off,off,off,5,0,0,0,0,2,1320.18,3.7777,3.35442,7.70031,29.9984,8.05987,7.97576,-1,0,100,-999.9,400,10.9317,104.13,103.5
62,1553173262,146.5,20190321 08:01:02,8:01:02,7696,43.24209285,0,300,5614,660,8.314,2.7,16c,NEE or ER,redo,1553173262,0.001106335,-2.072467907,96.66042263,0.660480603,0.683299933,137,10,1,0,57177.52628,0.219127,0.10737223,0.49,0.39,10,1553173262,402.277,401.143,6.68841,5.92266,1435.11,98.7369,0.0131173,1.48935,999.9,999.9,10021.2,0,0.219127,0,--:--:--,0,-1.163,-0.064,0,0,0,0,-77.27232326,0.008721239,0.025869159,1,0,0,0/0,1.88461,1.88153,1.88307,1.88174,1.88371,1.88299,1.88475,1.88217,5,0,0,0,11111111,oooooooo,off,off,off,off,5,0,0,0,0,2,1326.88,3.80363,3.34015,7.68874,29.9984,8.04973,7.96514,-1,0,100,-999.9,400,10.827,104.132,103.501
63,1553173264,148.5,20190321 08:01:04,8:01:04,7696,43.23109472,0,300,5614,660,8.314,2.7,16c,NEE or ER,redo,1553173264,0.001101347,-1.750195006,96.11948199,0.659781029,0.686417587,115,8,1,0,57033.33662,0.219127,0.10737223,0.49,0.39,10,1553173264,402.12,401.209,6.68126,5.91892,1435.04,98.7346,0.0163884,1.55282,999.9,999.9,9997.5,0,0.219127,0,--:--:--,0,-1.163,-0.064,0,0,0,0,-77.27232326,0.008721239,0.025869159,1,0,0,0/0,1.88461,1.88153,1.88307,1.88175,1.88371,1.88297,1.88472,1.88217,5,0,0,0,11111111,oooooooo,off,off,off,off,5,0,0,0,0,2,1343.03,3.7971,3.3258,7.67718,29.9984,8.03985,7.95453,-1,0,100,-999.9,400,10.7141,104.131,103.503
64,1553173266,150.5,20190321 08:01:06,8:01:06,7696,43.23009507,0,300,5614,660,8.314,2.7,16c,NEE or ER,redo,1553173266,0.001101388,-1.628161412,96.07092274,0.659392861,0.686360495,112,8,1,0,57048.97979,0.219127,0.10737223,0.49,0.39,10,1553173266,402.025,401.199,6.67732,5.91497,1435.08,98.7319,0.0192248,1.55166,999.9,999.9,10000.6,0,0.219127,0,--:--:--,0,-1.163,-0.064,0,0,0,0,-77.27232326,0.008721239,0.025869159,1,0,0,0/0,1.8846,1.88153,1.88307,1.88178,1.88372,1.88298,1.88472,1.88217,5,0,0,0,11111111,oooooooo,off,off,off,off,5,0,0,0,0,2,1345.81,3.7776,3.31041,7.66561,29.9984,8.02997,7.94393,-1,0,100,-999.9,400,10.6016,104.131,103.504
65,1553173268,152.5,20190321 08:01:08,8:01:08,7696,43.24092891,0,300,5614,660,8.314,2.7,16c,NEE or ER,redo,1553173268,0.001103767,-1.490062968,96.4160349,0.659107581,0.683607848,126,9,1,0,56988.18285,0.219127,0.10737223,0.49,0.39,10,1553173268,401.875,401.146,6.67448,5.91071,1435.51,98.7365,0.0139017,1.49563,999.9,999.9,9986.88,0,0.219127,0,--:--:--,0,-1.163,-0.064,0,0,0,0,-77.27232326,0.008721239,0.025869159,1,0,0,0/0,1.8846,1.88154,1.88307,1.88179,1.88371,1.88296,1.88472,1.88218,5,0,0,0,11111111,oooooooo,off,off,off,off,5,0,0,0,0,2,1335.09,3.78406,3.29468,7.65378,29.9984,8.02012,7.93351,-1,0,100,-999.9,400,10.4931,104.131,103.504
66,1553173270,154.5,20190321 08:01:10,8:01:10,7696,43.24722749,0,300,5614,660,8.314,2.7,16c,NEE or ER,redo,1553173270,0.001103554,-1.295972184,96.53769751,0.658678657,0.682302016,120,8,1,0,57089.11245,0.219127,0.10737223,0.49,0.39,10,1553173270,401.748,401.154,6.67008,5.90639,1435.39,98.7413,0.00993786,1.46898,999.9,999.9,10003.8,0,0.219127,0,--:--:--,0,-1.163,-0.064,0,0,0,0,-77.27232326,0.008721239,0.025869159,1,0,0,0/0,1.8846,1.88154,1.88308,1.88176,1.8837,1.88296,1.88472,1.88218,5,0,0,0,11111111,oooooooo,off,off,off,off,5,0,0,0,0,2,1339.86,3.79917,3.27903,7.64197,29.9984,8.01053,7.92344,-1,0,100,-999.9,400,10.383,104.133,103.506
67,1553173272,156.5,20190321 08:01:12,8:01:12,7696,43.2491371,0,300,5614,660,8.314,2.7,16c,NEE or ER,redo,1553173272,0.001104333,-1.169661515,96.62809739,0.658406615,0.681382158,136,9,1,0,57063.99362,0.219127,0.10737223,0.49,0.39,10,1553173272,401.665,401.159,6.66745,5.90299,1434.96,98.7389,0.0104892,1.45018,999.9,999.9,9998.75,0,0.219127,0,--:--:--,0,-1.163,-0.064,0,0,0,0,-77.27232326,0.008721239,0.025869159,1,0,0,0/0,1.8846,1.88153,1.88308,1.88175,1.88371,1.88298,1.88472,1.88217,5,0,0,0,11111111,oooooooo,off,off,off,off,5,0,0,0,0,2,1327.84,3.77752,3.26333,7.63019,29.9984,8.00094,7.91319,-1,0,100,-999.9,400,10.2701,104.133,103.508
68,1553173274,158.5,20190321 08:01:14,8:01:14,7696,43.24944815,0,300,5614,660,8.314,2.7,16c,NEE or ER,redo,1553173274,0.001107914,-1.020279371,96.68315946,0.658307283,0.680891364,147,10,1,0,57043.87633,0.219127,0.10737223,0.49,0.39,10,1553173274,401.584,401.183,6.66667,5.89965,1434.81,98.736,0.0100431,1.44014,999.9,999.9,9995,0,0.219127,0,--:--:--,0,-1.163,-0.064,0,0,0,0,-77.27232326,0.008721239,0.025869159,1,0,0,0/0,1.8846,1.88152,1.88308,1.88176,1.88371,1.88299,1.88473,1.88217,5,0,0,0,11111111,oooooooo,off,off,off,off,5,0,0,0,0,2,1319.15,3.771,3.24777,7.61812,29.9984,7.99114,7.9026,-1,0,100,-999.9,400,10.1591,104.136,103.509
69,1553173276,160.5,20190321 08:01:16,8:01:16,7696,43.24706978,0,300,5614,660,8.314,2.7,16c,NEE or ER,redo,1553173276,0.00111089,-0.964135202,96.63427907,0.658135983,0.681058512,136,9,1,0,57122.83637,0.219127,0.10737223,0.49,0.39,10,1553173276,401.57,401.209,6.66489,5.89591,1435,98.7318,0.0149134,1.44356,999.9,999.9,10010,0,0.219127,0,--:--:--,0,-1.163,-0.064,0,0,0,0,-77.27232326,0.008721239,0.025869159,1,0,0,0/0,1.8846,1.8815,1.88307,1.88175,1.8837,1.88299,1.88473,1.88217,5,0,0,0,11111111,oooooooo,off,off,off,off,5,0,0,0,0,2,1327.86,3.8034,3.23285,7.60606,29.9985,7.98103,7.89201,-1,0,100,-999.9,400,10.0268,104.139,103.509
70,1553173278,162.5,20190321 08:01:18,8:01:18,7696,43.24259171,0,300,5614,660,8.314,2.7,16c,NEE or ER,redo,1553173278,0.00111222,-0.847050901,96.5893629,0.6579382,0.681170452,128,9,1,0,57116.92126,0.219127,0.10737223,0.49,0.39,10,1553173278,401.569,401.29,6.66261,5.89281,1435.19,98.7224,0.0284199,1.44585,999.9,999.9,10010,0,0.219127,0,--:--:--,0,-1.163,-0.064,0,0,0,0,-77.27232326,0.008721239,0.025869159,1,0,0,0/0,1.8846,1.8815,1.88308,1.88173,1.8837,1.88297,1.88472,1.88218,5,0,0,0,11111111,oooooooo,off,off,off,off,5,0,0,0,0,2,1333.97,3.79903,3.2178,7.59379,29.9985,7.97115,7.88143,-1,0,100,-999.9,400,9.9169,104.143,103.509
71,1553173280,164.5,20190321 08:01:20,8:01:20,7696,43.24231295,0,300,5614,660,8.314,2.7,16c,NEE or ER,redo,1553173280,0.001114654,-0.713138854,96.64990505,0.657724819,0.680522985,128,9,1,0,57068.40043,0.219127,0.10737223,0.49,0.39,10,1553173280,401.534,401.349,6.66021,5.88889,1435.5,98.717,0.0373665,1.4326,999.9,999.9,10001.2,0,0.219127,0,--:--:--,0,-1.163,-0.064,0,0,0,0,-77.27232326,0.008721239,0.025869159,1,0,0,0/0,1.88459,1.88151,1.88308,1.88175,1.8837,1.88296,1.88472,1.88218,5,0,0,0,11111111,oooooooo,off,off,off,off,5,0,0,0,0,2,1333.71,3.80548,3.20203,7.58122,29.9984,7.96185,7.87104,-1,0,100,-999.9,400,9.80192,104.141,103.511
72,1553173282,166.5,20190321 08:01:22,8:01:22,7696,43.2464982,0,300,5614,660,8.314,2.7,16c,NEE or ER,redo,1553173282,0.001119389,-0.687800294,96.86477304,0.657628753,0.678914256,143,10,1,0,57073.92759,0.219127,0.10737223,0.49,0.39,10,1553173282,401.519,401.353,6.65932,5.88489,1435.81,98.7147,0.0384389,1.39963,999.9,999.9,10001.2,0,0.219127,0,--:--:--,0,-1.163,-0.064,0,0,0,0,-77.27232326,0.008721239,0.025869159,1,0,0,0/0,1.88459,1.88153,1.88306,1.88176,1.8837,1.88298,1.88473,1.88217,5,0,0,0,11111111,oooooooo,off,off,off,off,5,0,0,0,0,2,1322.71,3.83573,3.18711,7.56914,29.9985,7.95279,7.86099,-1,0,100,-999.9,400,9.69209,104.138,103.513
73,1553173284,168.5,20190321 08:01:24,8:01:24,7696,43.24679257,0,300,5614,660,8.314,2.7,16c,NEE or ER,redo,1553173284,0.001123085,-0.585809022,96.90577852,0.657477436,0.678470826,142,10,1,0,57054.06469,0.219127,0.10737223,0.49,0.39,10,1553173284,401.467,401.373,6.65792,5.88071,1435.4,98.7121,0.0390769,1.39053,999.9,999.9,9997.5,0,0.219127,0,--:--:--,0,-1.163,-0.064,0,0,0,0,-77.27232326,0.008721239,0.025869159,1,0,0,0/0,1.8846,1.88153,1.88307,1.88177,1.8837,1.88301,1.88474,1.88217,5,0,0,0,11111111,oooooooo,off,off,off,off,5,0,0,0,0,2,1323.64,3.82056,3.17239,7.55711,29.9985,7.94399,7.85122,-1,0,100,-999.9,400,9.57378,104.14,103.514
74,1553173286,170.5,20190321 08:01:26,8:01:26,7696,43.24610656,0,300,5614,660,8.314,2.7,16c,NEE or ER,redo,1553173286,0.001124331,-0.474266964,96.87338118,0.657148153,0.678357816,134,9,1,0,57066.84401,0.219127,0.10737223,0.49,0.39,10,1553173286,401.4,401.384,6.65469,5.87642,1435.04,98.7097,0.0399267,1.38821,999.9,999.9,10000,0,0.219127,0,--:--:--,0,-1.163,-0.064,0,0,0,0,-77.27232326,0.008721239,0.025869159,1,0,0,0/0,1.88461,1.88153,1.88309,1.88177,1.8837,1.883,1.88475,1.88217,5,0,0,0,11111111,oooooooo,off,off,off,off,5,0,0,0,0,2,1329.42,3.81837,3.15682,7.5448,29.9985,7.93573,7.84136,-1,0,100,-999.9,400,9.46672,104.141,103.515
75,1553173288,172.5,20190321 08:01:28,8:01:28,7696,43.24686457,0,300,5614,660,8.314,2.7,16c,NEE or ER,redo,1553173288,0.001123924,-0.392264771,96.9223136,0.65681994,0.677676704,145,10,1,0,57231.97998,0.219127,0.10737223,0.49,0.39,10,1553173288,401.377,401.418,6.65138,5.8736,1435.43,98.7064,0.0430235,1.37422,999.9,999.9,10030,0,0.219127,0,--:--:--,0,-1.163,-0.064,0,0,0,0,-77.27232326,0.008721239,0.025869159,1,0,0,0/0,1.88461,1.88152,1.88309,1.88176,1.8837,1.88299,1.88474,1.88217,5,0,0,0,11111111,oooooooo,off,off,off,off,5,0,0,0,0,2,1321.3,3.82915,3.14173,7.53301,29.9986,7.92777,7.83159,-1,0,100,-999.9,400,9.35313,104.143,103.515
76,1553173290,174.5,20190321 08:01:30,8:01:30,7696,43.24887705,0,300,5614,660,8.314,2.7,16c,NEE or ER,redo,1553173290,0.001121753,-0.345432635,96.9317827,0.656321104,0.677095876,145,10,1,0,57036.28856,0.219127,0.10737223,0.49,0.39,10,1553173290,401.363,401.436,6.64618,5.86998,1435.58,98.7067,0.0449293,1.36228,999.9,999.9,9993.75,0,0.219127,0,--:--:--,0,-1.163,-0.064,0,0,0,0,-77.27232326,0.008721239,0.025869159,1,0,0,0/0,1.88461,1.88153,1.88309,1.88177,1.8837,1.883,1.88473,1.88217,5,0,0,0,11111111,oooooooo,off,off,off,off,5,0,0,0,0,2,1321.68,3.80966,3.12698,7.52104,29.9987,7.91956,7.82236,-1,0,100,-999.9,400,9.22574,104.145,103.516
77,1553173292,176.5,20190321 08:01:32,8:01:32,7696,43.25161398,0,300,5614,660,8.314,2.7,16c,NEE or ER,redo,1553173292,0.001117834,-0.293614019,96.93698111,0.655668883,0.676386736,157,11,1,0,56964.60147,0.219127,0.10737223,0.49,0.39,10,1553173292,401.347,401.455,6.63957,5.86599,1435.42,98.7077,0.0440087,1.34769,999.9,999.9,9980,0,0.219127,0,--:--:--,0,-1.163,-0.064,0,0,0,0,-77.27232326,0.008721239,0.025869159,1,0,0,0/0,1.88461,1.88154,1.88308,1.88176,1.8837,1.883,1.88474,1.88217,5,0,0,0,11111111,oooooooo,off,off,off,off,5,0,0,0,0,2,1312.23,3.79233,3.1117,7.50803,29.9986,7.91157,7.81313,-1,0,100,-999.9,400,9.11557,104.147,103.517
78,1553173294,178.5,20190321 08:01:34,8:01:34,7696,43.25277786,0,300,5614,660,8.314,2.7,16c,NEE or ER,redo,1553173294,0.001115447,-0.215156456,96.94755685,0.65514391,0.67577145,154,11,1,0,57055.12372,0.219127,0.10737223,0.49,0.39,10,1553173294,401.327,401.489,6.63455,5.8625,1435.2,98.7058,0.0415017,1.33502,999.9,999.9,9996.25,0,0.219127,0,--:--:--,0,-1.163,-0.064,0,0,0,0,-77.27232326,0.008721239,0.025869159,1,0,0,0/0,1.88461,1.88154,1.88306,1.88175,1.8837,1.88301,1.88475,1.88217,5,0,0,0,11111111,oooooooo,off,off,off,off,5,0,0,0,0,2,1314.41,3.76851,3.09616,7.49519,29.9987,7.90386,7.80382,-1,0,100,-999.9,400,9.00213,104.148,103.519
79,1553173296,180.5,20190321 08:01:36,8:01:36,7696,43.25665808,0,300,5614,660,8.314,2.7,16c,NEE or ER,redo,1553173296,0.001114774,-0.150248525,97.04724936,0.654645504,0.674563688,124,9,1,0,57080.77651,0.219127,0.10737223,0.49,0.39,10,1553173296,401.271,401.478,6.62969,5.85808,1435.16,98.7057,0.0388121,1.31012,999.9,999.9,10000,0,0.219127,0,--:--:--,0,-1.163,-0.064,0,0,0,0,-77.27232326,0.008721239,0.025869159,1,0,0,0/0,1.8846,1.88155,1.88307,1.88175,1.8837,1.88301,1.88475,1.88217,5,0,0,0,11111111,oooooooo,off,off,off,off,5,0,0,0,0,2,1336.9,3.80307,3.08122,7.48362,29.9988,7.89593,7.79459,-1,0,100,-999.9,400,8.88971,104.148,103.519
80,1553173298,182.5,20190321 08:01:38,8:01:38,7696,43.25933951,0,300,5614,660,8.314,2.7,16c,NEE or ER,redo,1553173298,0.001115427,-0.08432726,97.08796071,0.654237679,0.673860769,132,9,1,0,57135.77552,0.219127,0.10737223,0.49,0.39,10,1553173298,401.213,401.466,6.62556,5.85371,1435.56,98.7066,0.0379105,1.29561,999.9,999.9,10009.4,0,0.219127,0,--:--:--,0,-1.163,-0.064,0,0,0,0,-77.27232326,0.008721239,0.025869159,1,0,0,0/0,1.8846,1.88156,1.88308,1.88175,1.8837,1.88301,1.88476,1.88217,5,0,0,0,11111111,oooooooo,off,off,off,off,5,0,0,0,0,2,1331.01,3.8225,3.06613,7.4729,29.9987,7.88823,7.78563,-1,0,100,-999.9,400,8.7807,104.148,103.52
81,1553173300,184.5,20190321 08:01:40,8:01:40,7696,43.25871121,0,300,5614,660,8.314,2.7,16c,NEE or ER,redo,1553173300,0.00111497,0.004860101,97.00488855,0.653839017,0.674026873,133,9,1,0,57011.64085,0.219127,0.10737223,0.49,0.39,10,1553173300,401.191,401.506,6.62149,5.84991,1435.48,98.7064,0.038598,1.29904,999.9,999.9,9986.88,0,0.219127,0,--:--:--,0,-1.163,-0.064,0,0,0,0,-77.27232326,0.008721239,0.025869159,1,0,0,0/0,1.8846,1.88155,1.88307,1.88175,1.88371,1.88301,1.88476,1.88217,5,0,0,0,11111111,oooooooo,off,off,off,off,5,0,0,0,0,2,1329.91,3.83978,3.0505,7.46296,29.9987,7.88029,7.77667,-1,0,100,-999.9,400,8.64691,104.149,103.521
82,1553173302,186.5,20190321 08:01:42,8:01:42,7696,43.25926614,0,300,5614,660,8.314,2.7,16c,NEE or ER,redo,1553173302,0.001115302,0.072070012,96.95437435,0.65352906,0.674058354,144,10,1,0,56967.8372,0.219127,0.10737223,0.49,0.39,10,1553173302,401.147,401.509,6.61829,5.84622,1435,98.7079,0.0380087,1.29969,999.9,999.9,9978.75,0,0.219127,0,--:--:--,0,-1.163,-0.064,0,0,0,0,-77.27232326,0.008721239,0.025869159,1,0,0,0/0,1.8846,1.88154,1.88308,1.88173,1.88371,1.88301,1.88476,1.88218,5,0,0,0,11111111,oooooooo,off,off,off,off,5,0,0,0,0,2,1321.6,3.8484,3.03591,7.45256,29.9988,7.87235,7.76771,-1,0,100,-999.9,400,8.53615,104.152,103.522
83,1553173304,188.5,20190321 08:01:44,8:01:44,7696,43.26227451,0,300,5614,660,8.314,2.7,16c,NEE or ER,redo,1553173304,0.001118678,0.099474217,97.01001319,0.65337335,0.673511247,136,9,1,0,57238.70572,0.219127,0.10737223,0.49,0.39,10,1553173304,401.081,401.463,6.6167,5.84227,1434.96,98.7107,0.0354045,1.28839,999.9,999.9,10027.5,0,0.219127,0,--:--:--,0,-1.163,-0.064,0,0,0,0,-77.27232326,0.008721239,0.025869159,1,0,0,0/0,1.88461,1.88154,1.88309,1.88172,1.8837,1.88299,1.88475,1.88218,5,0,0,0,11111111,oooooooo,off,off,off,off,5,0,0,0,0,2,1327.34,3.83324,3.02151,7.44164,29.9989,7.86463,7.75902,-1,0,100,-999.9,400,8.42015,104.158,103.522